{
  "source_run_dir": "/home/lhy/workspace/arxiv-daily-researcher/data/experiments/eurosys_2026_mlsys_eval/smoke",
  "paper_count": 138,
  "positive_count": 42,
  "negative_count": 96,
  "model_summary": [
    {
      "model": "glm-5.1",
      "total": 138,
      "tp": 42,
      "tn": 84,
      "fp": 12,
      "fn": 0,
      "accuracy": 0.9130434782608695,
      "precision": 0.7777777777777778,
      "recall": 1.0,
      "f1": 0.8750000000000001,
      "pass_rate": 0.391304347826087,
      "valid_json_rate": 1.0,
      "avg_latency_seconds": 30.7084,
      "median_latency_seconds": 29.72405,
      "total_latency_minutes": 70.62935166666666,
      "invalid_response_count": 0,
      "fallback_count": 0,
      "prompt_tokens": 96498,
      "completion_tokens": 80472,
      "total_tokens": 176970
    },
    {
      "model": "minimax-m2.7",
      "total": 138,
      "tp": 38,
      "tn": 86,
      "fp": 10,
      "fn": 4,
      "accuracy": 0.8985507246376812,
      "precision": 0.7916666666666666,
      "recall": 0.9047619047619048,
      "f1": 0.8444444444444444,
      "pass_rate": 0.34782608695652173,
      "valid_json_rate": 1.0,
      "avg_latency_seconds": 37.9424,
      "median_latency_seconds": 23.39995,
      "total_latency_minutes": 87.26750166666667,
      "invalid_response_count": 8,
      "fallback_count": 8,
      "prompt_tokens": 91563,
      "completion_tokens": 69973,
      "total_tokens": 161536
    },
    {
      "model": "qwen3.5-27b",
      "total": 138,
      "tp": 41,
      "tn": 78,
      "fp": 18,
      "fn": 1,
      "accuracy": 0.8623188405797102,
      "precision": 0.6949152542372882,
      "recall": 0.9761904761904762,
      "f1": 0.8118811881188118,
      "pass_rate": 0.427536231884058,
      "valid_json_rate": 1.0,
      "avg_latency_seconds": 7.0069,
      "median_latency_seconds": 5.4140999999999995,
      "total_latency_minutes": 16.115985000000002,
      "invalid_response_count": 0,
      "fallback_count": 0,
      "prompt_tokens": 102969,
      "completion_tokens": 18434,
      "total_tokens": 121403
    },
    {
      "model": "deepseek-v3.2",
      "total": 138,
      "tp": 41,
      "tn": 81,
      "fp": 15,
      "fn": 1,
      "accuracy": 0.8840579710144928,
      "precision": 0.7321428571428571,
      "recall": 0.9761904761904762,
      "f1": 0.836734693877551,
      "pass_rate": 0.4057971014492754,
      "valid_json_rate": 1.0,
      "avg_latency_seconds": 11.0175,
      "median_latency_seconds": 9.50605,
      "total_latency_minutes": 25.340269999999997,
      "invalid_response_count": 0,
      "fallback_count": 0,
      "prompt_tokens": 98471,
      "completion_tokens": 18572,
      "total_tokens": 117043
    }
  ],
  "committee_equal": {
    "total": 138,
    "tp": 41,
    "tn": 84,
    "fp": 12,
    "fn": 1,
    "accuracy": 0.9057971014492754,
    "precision": 0.7735849056603774,
    "recall": 0.9761904761904762,
    "f1": 0.863157894736842,
    "pass_rate": 0.38405797101449274
  },
  "committee_weighted": {
    "total": 138,
    "tp": 41,
    "tn": 84,
    "fp": 12,
    "fn": 1,
    "accuracy": 0.9057971014492754,
    "precision": 0.7735849056603774,
    "recall": 0.9761904761904762,
    "f1": 0.863157894736842,
    "pass_rate": 0.38405797101449274
  },
  "agreement_buckets": {
    "0": 77,
    "1": 5,
    "2": 3,
    "3": 6,
    "4": 47
  },
  "strong_positive_review_count": 12
}