model,total,tp,tn,fp,fn,accuracy,precision,recall,f1,pass_rate,valid_json_rate,avg_latency_seconds,median_latency_seconds,total_latency_minutes,invalid_response_count,fallback_count,prompt_tokens,completion_tokens,total_tokens
glm-5.1,138,42,84,12,0,0.913043,0.777778,1.0,0.875,0.391304,1.0,30.7084,29.72405,70.62935166666666,0,0,96498,80472,176970
minimax-m2.7,138,38,86,10,4,0.898551,0.791667,0.904762,0.844444,0.347826,1.0,37.9424,23.39995,87.26750166666667,8,8,91563,69973,161536
qwen3.5-27b,138,41,78,18,1,0.862319,0.694915,0.97619,0.811881,0.427536,1.0,7.0069,5.4140999999999995,16.115985000000002,0,0,102969,18434,121403
deepseek-v3.2,138,41,81,15,1,0.884058,0.732143,0.97619,0.836735,0.405797,1.0,11.0175,9.50605,25.340269999999997,0,0,98471,18572,117043
