model,total,tp,tn,fp,fn,accuracy,precision,recall,f1,pass_rate,valid_json_rate,avg_latency_seconds,median_latency_seconds,total_latency_minutes,invalid_response_count,fallback_count,prompt_tokens,completion_tokens,total_tokens
glm-5.1,138,42,84,12,0,0.9130434782608695,0.7777777777777778,1.0,0.8750000000000001,0.391304347826087,1.0,30.7084,29.72405,70.62935166666666,0,0,96498,80472,176970
minimax-m2.7,138,38,86,10,4,0.8985507246376812,0.7916666666666666,0.9047619047619048,0.8444444444444444,0.34782608695652173,1.0,37.9424,23.39995,87.26750166666667,8,8,91563,69973,161536
qwen3.5-27b,138,41,78,18,1,0.8623188405797102,0.6949152542372882,0.9761904761904762,0.8118811881188118,0.427536231884058,1.0,7.0069,5.4140999999999995,16.115985000000002,0,0,102969,18434,121403
deepseek-v3.2,138,41,81,15,1,0.8840579710144928,0.7321428571428571,0.9761904761904762,0.836734693877551,0.4057971014492754,1.0,11.0175,9.50605,25.340269999999997,0,0,98471,18572,117043
